page_slug,title_template,description_template
/,Riparazione Apple a Roma | Genius Lab,Centro assistenza a Roma per MacBook iMac iPhone: diagnosi rapida e supporto tecnico con preventivo.
/contatti,Contatti Genius Lab Roma | Assistenza Apple,Contatta Genius Lab a Roma: telefono WhatsApp e sedi in Viale Somalia.
/chi-siamo,Chi Siamo | Genius Lab Roma,Scopri il laboratorio Genius Lab: esperienza nella riparazione di dispositivi Apple a Roma.
/recensioni,Recensioni Clienti | Genius Lab,Leggi le recensioni dei clienti di Genius Lab e scopri il livello di assistenza offerto.
/servizi/riparazione-macbook,Riparazione MacBook a Roma | Genius Lab,Riparazione MacBook con diagnosi e interventi su componenti hardware e software a Roma.
/servizi/data-recovery,Recupero Dati MacBook iMac | Genius Lab,Servizio di recupero dati da SSD e storage Apple con analisi tecnica e supporto dedicato.
/servizi/batteria-macbook,Sostituzione Batteria MacBook a Roma | Genius Lab,Servizio di sostituzione batteria MacBook con verifica autonomia e test tecnico.
/servizi/macbook-ssd,Upgrade SSD MacBook a Roma | Genius Lab,Upgrade e sostituzione SSD MacBook per migliorare prestazioni e affidabilita.
/servizi/flexgate-display-macbook,Riparazione Flexgate MacBook | Genius Lab,Diagnosi e intervento su problemi display flexgate per MacBook.
/servizi/tastiera-macbook,Riparazione Tastiera MacBook a Roma | Genius Lab,Assistenza su tastiera MacBook con ripristino funzionalita dei tasti.
/servizi/software-assistenza,Assistenza Software Apple a Roma | Genius Lab,Supporto software macOS, configurazione e troubleshooting per dispositivi Apple.
